{
  "accuracy": 0.9130434782608695,
  "f1": 0.9107981220657277,
  "roc_auc": 0.9783639721312851,
  "pr_auc": 0.976336477541246,
  "confusion_matrix": [
    [
      205,
      23
    ],
    [
      15,
      194
    ]
  ]
}