{
  "accuracy": 0.9688995215311005,
  "f1": 0.9694117647058823,
  "roc_auc": 0.9971669604633593,
  "pr_auc": 0.9971720499337667,
  "confusion_matrix": [
    [
      398,
      20
    ],
    [
      6,
      412
    ]
  ]
}