{
  "accuracy": 0.9569377990430622,
  "f1": 0.9586206896551724,
  "roc_auc": 0.9968521782926215,
  "pr_auc": 0.9968092215178745,
  "confusion_matrix": [
    [
      383,
      35
    ],
    [
      1,
      417
    ]
  ]
}