{
  "accuracy": 0.9970059880239521,
  "f1": 0.9970089730807578,
  "roc_auc": 0.9999482071713147,
  "pr_auc": 0.999949164761242,
  "confusion_matrix": [
    [
      499,
      1
    ],
    [
      2,
      500
    ]
  ]
}